	concept	q_id	story-comments	q1-issues	q2-issues	q3-issues
0	Abstention_doctrine	0	The story further expantiates the use of abstention doctrine in physical world.	There are more than one right answers in the 4 candidates.	There is no issue.	There is no issue.
1	Abstention_doctrine	0	I can read it all over again clearly and get a good impression.	There is no issue.	There are more than one right answers in the 4 candidates.	The reasoning given in the suggested answer is wrong or flawed.
2	Abstention_doctrine	0	It is comprehensive.	There is no issue.	There is no issue.	The question is too easy and simple.
3	Brady_disclosure	1	Few ambiguities in the story/narrative.	There is no issue.	There are more than one right answers in the 4 candidates.	There is no issue.
4	Brady_disclosure	1	It is perfectly structured just could be better off with references and citations.	There is no issue.	There is no issue.	There is no issue.
5	Brady_disclosure	1	Simple and easy to understand.	There is no issue.	There is no issue.	There is no issue.
6	Commanding_precedent	2	Narrative further expantiates on the term.	There is no issue.	There is no issue.	There is no issue.
7	Commanding_precedent	2	It is a story that can be viewed as moral, relatable, and is relevant.	There is no issue.	There are more than one right answers in the 4 candidates.	The question cannot be derived from the definition or story above.
8	Commanding_precedent	2	Comprehensive	The question is too easy and simple.	There is no issue.	There is no issue.
9	Constitutional_convention_(political_custom)	3	None	There is no issue.	There is no issue.	There is no issue.
10	Constitutional_convention_(political_custom)	3	It is a bit confusing and incomplete but very readable.	There is no issue.	There are more than one right answers in the 4 candidates.	The reasoning given in the suggested answer is wrong or flawed.
11	Constitutional_convention_(political_custom)	3	This is perfect to read and understand.	There is no issue.	There is no issue.	There is no issue.
12	Doctrine_of_foreign_equivalents	4	No comments	There is no issue.	There are more than one right answers in the 4 candidates.	There is no issue.
13	Doctrine_of_foreign_equivalents	4	The story tells a good narrative and is perfect as is.	There is no issue.	The reasoning given in the suggested answer is wrong or flawed.	There is no issue.
14	Doctrine_of_foreign_equivalents	4	Comprehensive	There is no issue.	There is no issue.	There is no issue.
15	FTC_v._Dean_Foods_Co.	5	most americans are familiar with baguettes, imho	The question cannot be derived from the definition or story above.	There are more than one right answers in the 4 candidates.	The question is confusing.
16	FTC_v._Dean_Foods_Co.	5	The story does not give a detailed explanation/description of the legal term..	There is no issue.	There is no issue.	There is no issue.
17	FTC_v._Dean_Foods_Co.	5	it was well-written and made the underlying principle easier to understand in layman's terms	There is no issue.	There is no issue.	There is no issue.
18	Learned_intermediary	6	nan	The question is too easy and simple.	There are more than one right answers in the 4 candidates.	The question cannot be derived from the definition or story above.,Other issues not covered above
19	Learned_intermediary	6	No comments.	Other issues not covered above,There is no issue.	There is no issue.	There is no issue.
20	Learned_intermediary	6	this story is good. It is easy to read but also engaging 	The question is confusing.,Other issues not covered above	The question is too easy and simple.	The question is confusing.,The reasoning given in the suggested answer is wrong or flawed.
21	Maxwellisation	7	nan	There are more than one right answers in the 4 candidates.,The reasoning given in the suggested answer is wrong or flawed.	The question is confusing.,There are more than one right answers in the 4 candidates.,The reasoning given in the suggested answer is wrong or flawed.	There are more than one right answers in the 4 candidates.,Other issues not covered above
22	Maxwellisation	7	No comment.	There is no issue.	There is no issue.	There is no issue.
23	Maxwellisation	7	the story does not follow a story format, and it is just confusing to read	There is no issue.	There is no issue.	There is no issue.
24	Pacta_sunt_servanda	8	grammar errors 	There is no issue.	There is no issue.	The question cannot be derived from the definition or story above.,There are more than one right answers in the 4 candidates.,Other issues not covered above
25	Pacta_sunt_servanda	8	None	There is no issue.	Other issues not covered above,There is no issue.	There is no issue.
26	Pacta_sunt_servanda	8	this story was very informative and useful	There are more than one right answers in the 4 candidates.	There is no issue.	There is no issue.
27	Plain_meaning_rule	9	nan	There is no issue.	The reasoning given in the suggested answer is wrong or flawed.	The reasoning given in the suggested answer is wrong or flawed.
28	Plain_meaning_rule	9	The story is a perfect simplification of the legal term.	There is no issue.	There are more than one right answers in the 4 candidates.,Other issues not covered above	There is no issue.
29	Plain_meaning_rule	9	the story is excellent. It is informative, engaging, and easy to read. It explains the underlying concepts in a digestible way	There is no issue.	There is no issue.	There is no issue.
30	Presumption_(Catholic_canon_law)	10	Simple and easy to understand.	Other issues not covered above,There is no issue.	There is no issue.	There is no issue.
31	Presumption_(Catholic_canon_law)	10	Simple and easy to read	There is no issue.	There is no issue.	The question is too easy and simple.
32	Presumption_(Catholic_canon_law)	10	The story hardly felt like a story, and more like.a sort of continuation of the attempt at a definition, 	There are more than one right answers in the 4 candidates.	The question is confusing.	There is no issue.
33	Prosecutorial_discretion	11	The story explains the legal term further.	There is no issue.	There is no issue.	There is no issue.
34	Prosecutorial_discretion	11	Complete and comprehensive 	There is no issue.	There is no issue.	There is no issue.
35	Prosecutorial_discretion	11	This was a great story. Compared to the first one it actually gives a chain of events that are relevant, 	There is no issue.	There is no issue.	There is no issue.
36	Purcell_principle	12	The illustration further explains the unclear words in the definition.	Other issues not covered above,There is no issue.	Other issues not covered above,There is no issue.	There is no issue.
37	Purcell_principle	12	Enjoyable to read	There is no issue.	The question is confusing.	There is no issue.
38	Purcell_principle	12	I would guess that if written by a person, that they were confused and simp0y regurgitated the definition text rather than actually understanding the concept.  	There are more than one right answers in the 4 candidates.	There is no issue.	There is no issue.
39	Remoteness_in_English_law	13	No comment.	There is no issue.	There is no issue.	There is no issue.
40	Remoteness_in_English_law	13	Highly Comprehensive	There is no issue.	There is no issue.	There is no issue.
41	Remoteness_in_English_law	13	Simple and effective reference to key moral legal issues. 	The reasoning given in the suggested answer is wrong or flawed.	There is no issue.	There is no issue.
42	Safe_harbor_(law)	14	The back up story is clear and concise, easy to understand.	There is no issue.	Other issues not covered above,There is no issue.	There is no issue.
43	Safe_harbor_(law)	14	Easy to understand 	There is no issue.	There is no issue.	There is no issue.
44	Safe_harbor_(law)	14	nan	There is no issue.	The question is too easy and simple.,The question is confusing.,There are more than one right answers in the 4 candidates.	There is no issue.
45	Substantial_certainty_doctrine	15	The story does not have a straightforward narrative.	There is no issue.	There is no issue.	Other issues not covered above,There is no issue.
46	Substantial_certainty_doctrine	15	nan	Other issues not covered above	There is no issue.	There are more than one right answers in the 4 candidates.
47	Substantial_certainty_doctrine	15	It is well worded so that it would be easy to explain to someone who did not have any legal knowledge 	There is no issue.	There is no issue.	There are more than one right answers in the 4 candidates.
48	Unaccompanied_minor	16	No comments.	There is no issue.	There is no issue.	The question is too easy and simple.,There is no issue.
49	Unaccompanied_minor	16	nan	The reasoning given in the suggested answer is wrong or flawed.,Other issues not covered above	There is no issue.	The question is too easy and simple.,The question cannot be derived from the definition or story above.
50	Unaccompanied_minor	16	it is written well so that it can be easily understood 	There is no issue.	The question is confusing.	There is no issue.
51	Undue_hardship	17	Clear and easy to understand example.	There are more than one right answers in the 4 candidates.	There is no issue.	Other issues not covered above,There is no issue.
52	Undue_hardship	17	nan	There are more than one right answers in the 4 candidates.	There is no issue.	The reasoning given in the suggested answer is wrong or flawed.
53	Undue_hardship	17	no comment	The reasoning given in the suggested answer is wrong or flawed.	The question is confusing.	There is no issue.
54	Volenti_non_fit_injuria	18	No comment.	There is no issue.	There are more than one right answers in the 4 candidates.,Other issues not covered above	There is no issue.
55	Volenti_non_fit_injuria	18	nan	There is no issue.	There are more than one right answers in the 4 candidates.,The reasoning given in the suggested answer is wrong or flawed.	The reasoning given in the suggested answer is wrong or flawed.
56	Volenti_non_fit_injuria	18	nan	There are more than one right answers in the 4 candidates.	There are more than one right answers in the 4 candidates.	There is no issue.
57	Wrongdoing	19	No comment.	There is no issue.	There is no issue.	There is no issue.
58	Wrongdoing	19	nan	The question is too easy and simple.	The question cannot be derived from the definition or story above.,There is no right answer in the 4 candidates.	The question is confusing.
59	Wrongdoing	19	nan	There is no issue.	There is no issue.	There are more than one right answers in the 4 candidates.
